{
  "id": "4228470",
  "name": "TXJM",
  "font_family": "iconfont",
  "css_prefix_text": "icon-",
  "description": "",
  "glyphs": [
    {
      "icon_id": "3268203",
      "name": "dengji",
      "font_class": "dengji-",
      "unicode": "e615",
      "unicode_decimal": 58901
    },
    {
      "icon_id": "7175757",
      "name": "roket",
      "font_class": "roket",
      "unicode": "e66f",
      "unicode_decimal": 58991
    },
    {
      "icon_id": "11557787",
      "name": "数据分析",
      "font_class": "shujufenxi",
      "unicode": "e63d",
      "unicode_decimal": 58941
    },
    {
      "icon_id": "12097686",
      "name": "数据分析",
      "font_class": "shujufenxi1",
      "unicode": "e67b",
      "unicode_decimal": 59003
    },
    {
      "icon_id": "12875291",
      "name": "数据分析",
      "font_class": "shujufenxi2",
      "unicode": "e616",
      "unicode_decimal": 58902
    },
    {
      "icon_id": "13040905",
      "name": "反恐战车-01",
      "font_class": "fankongzhanche-",
      "unicode": "e6ae",
      "unicode_decimal": 59054
    },
    {
      "icon_id": "15344244",
      "name": "风险评估",
      "font_class": "fengxianpinggu",
      "unicode": "e65e",
      "unicode_decimal": 58974
    },
    {
      "icon_id": "15545665",
      "name": "形状结合",
      "font_class": "xingzhuangjiehe",
      "unicode": "e640",
      "unicode_decimal": 58944
    },
    {
      "icon_id": "23405559",
      "name": "领域",
      "font_class": "icon_xinyong_xianxing_jijin-222",
      "unicode": "e664",
      "unicode_decimal": 58980
    },
    {
      "icon_id": "25204319",
      "name": "hetong_active",
      "font_class": "hetong_active",
      "unicode": "e617",
      "unicode_decimal": 58903
    },
    {
      "icon_id": "28899702",
      "name": "06",
      "font_class": "a-06",
      "unicode": "e618",
      "unicode_decimal": 58904
    },
    {
      "icon_id": "30065215",
      "name": "4.1 强度",
      "font_class": "a-41qiangdu",
      "unicode": "e7e3",
      "unicode_decimal": 59363
    },
    {
      "icon_id": "31284919",
      "name": "战略方向",
      "font_class": "zhanlvefangxiang",
      "unicode": "e61b",
      "unicode_decimal": 58907
    },
    {
      "icon_id": "33845779",
      "name": "警务协作",
      "font_class": "jingwuxiezuo",
      "unicode": "e67c",
      "unicode_decimal": 59004
    },
    {
      "icon_id": "34997323",
      "name": "安全设置",
      "font_class": "anquanshezhi",
      "unicode": "e6c1",
      "unicode_decimal": 59073
    },
    {
      "icon_id": "36214994",
      "name": "policy simulation_L",
      "font_class": "a-policysimulation_L",
      "unicode": "e61f",
      "unicode_decimal": 58911
    },
    {
      "icon_id": "38587473",
      "name": "仿真清单",
      "font_class": "order-fill-copy",
      "unicode": "100f2",
      "unicode_decimal": 65778
    },
    {
      "icon_id": "38587477",
      "name": "仿真配置",
      "font_class": "peizhi-copy",
      "unicode": "100f3",
      "unicode_decimal": 65779
    },
    {
      "icon_id": "38587479",
      "name": "仿真执行",
      "font_class": "zhihang-copy",
      "unicode": "100f4",
      "unicode_decimal": 65780
    },
    {
      "icon_id": "38586844",
      "name": "仿真",
      "font_class": "a-16fangzhentai-copy",
      "unicode": "100f1",
      "unicode_decimal": 65777
    },
    {
      "icon_id": "23184241",
      "name": "新手引导",
      "font_class": "xinshouyindao",
      "unicode": "e7b3",
      "unicode_decimal": 59315
    },
    {
      "icon_id": "657586",
      "name": "垂直居中对齐",
      "font_class": "chuizhijuzhongduiqi",
      "unicode": "e654",
      "unicode_decimal": 58964
    },
    {
      "icon_id": "657594",
      "name": "右对齐",
      "font_class": "youduiqi1",
      "unicode": "e65b",
      "unicode_decimal": 58971
    },
    {
      "icon_id": "657595",
      "name": "左对齐",
      "font_class": "zuoduiqi1",
      "unicode": "e65c",
      "unicode_decimal": 58972
    },
    {
      "icon_id": "13884977",
      "name": "57-01",
      "font_class": "-",
      "unicode": "e610",
      "unicode_decimal": 58896
    },
    {
      "icon_id": "19664965",
      "name": "字段编号",
      "font_class": "Field-number",
      "unicode": "eaee",
      "unicode_decimal": 60142
    },
    {
      "icon_id": "21367117",
      "name": "XML文件输出",
      "font_class": "XMLwenjianshuchu",
      "unicode": "e60d",
      "unicode_decimal": 58893
    },
    {
      "icon_id": "21367121",
      "name": "XML输入",
      "font_class": "XMLshuru",
      "unicode": "e612",
      "unicode_decimal": 58898
    },
    {
      "icon_id": "38438535",
      "name": "对齐",
      "font_class": "xiangyou-copy",
      "unicode": "100ef",
      "unicode_decimal": 65775
    },
    {
      "icon_id": "24703368",
      "name": "对齐",
      "font_class": "xiangxia",
      "unicode": "e613",
      "unicode_decimal": 58899
    },
    {
      "icon_id": "33178022",
      "name": "组号和编号",
      "font_class": "zuhaohebianhao",
      "unicode": "e6fb",
      "unicode_decimal": 59131
    },
    {
      "icon_id": "38438537",
      "name": "对齐",
      "font_class": "xiangzuo-copy",
      "unicode": "100f0",
      "unicode_decimal": 65776
    },
    {
      "icon_id": "1214349",
      "name": "＝",
      "font_class": "anonymous-iconfont",
      "unicode": "e666",
      "unicode_decimal": 58982
    },
    {
      "icon_id": "2404482",
      "name": "顶层",
      "font_class": "dingceng",
      "unicode": "e648",
      "unicode_decimal": 58952
    },
    {
      "icon_id": "2404483",
      "name": "底层",
      "font_class": "diceng",
      "unicode": "e649",
      "unicode_decimal": 58953
    },
    {
      "icon_id": "2404496",
      "name": "线条颜色",
      "font_class": "xiantiaoyanse",
      "unicode": "e64d",
      "unicode_decimal": 58957
    },
    {
      "icon_id": "17581864",
      "name": "等宽",
      "font_class": "dengkuan",
      "unicode": "ec7b",
      "unicode_decimal": 60539
    },
    {
      "icon_id": "18267954",
      "name": "图片",
      "font_class": "tupian1",
      "unicode": "e997",
      "unicode_decimal": 59799
    },
    {
      "icon_id": "19668178",
      "name": "垂直底部对齐",
      "font_class": "vertical-align-botto",
      "unicode": "eaf7",
      "unicode_decimal": 60151
    },
    {
      "icon_id": "19668179",
      "name": "垂直顶部对齐",
      "font_class": "vertical-align-top",
      "unicode": "eaf8",
      "unicode_decimal": 60152
    },
    {
      "icon_id": "21811797",
      "name": "等高",
      "font_class": "denggao",
      "unicode": "ed8e",
      "unicode_decimal": 60814
    },
    {
      "icon_id": "32522465",
      "name": "fmy-分割线",
      "font_class": "fmy-fengexian",
      "unicode": "e63b",
      "unicode_decimal": 58939
    },
    {
      "icon_id": "35306685",
      "name": "-_直线",
      "font_class": "-_zhixian",
      "unicode": "e6d6",
      "unicode_decimal": 59094
    },
    {
      "icon_id": "38346756",
      "name": "报告01",
      "font_class": "baogao-copy",
      "unicode": "100ea",
      "unicode_decimal": 65770
    },
    {
      "icon_id": "38346761",
      "name": "项目",
      "font_class": "xiangmu_xiangmuguanli-copy",
      "unicode": "100eb",
      "unicode_decimal": 65771
    },
    {
      "icon_id": "38346763",
      "name": "视角01",
      "font_class": "shijiao-copy",
      "unicode": "100ec",
      "unicode_decimal": 65772
    },
    {
      "icon_id": "38346764",
      "name": "视角",
      "font_class": "quanjushijiao-copy",
      "unicode": "100ed",
      "unicode_decimal": 65773
    },
    {
      "icon_id": "38346768",
      "name": "模型02",
      "font_class": "moxingliebiao-copy",
      "unicode": "100ee",
      "unicode_decimal": 65774
    },
    {
      "icon_id": "38341835",
      "name": "新建项目",
      "font_class": "xinjian-copy",
      "unicode": "100e7",
      "unicode_decimal": 65767
    },
    {
      "icon_id": "38341836",
      "name": "项目流程",
      "font_class": "liucheng-copy",
      "unicode": "100e8",
      "unicode_decimal": 65768
    },
    {
      "icon_id": "38341837",
      "name": "打开项目",
      "font_class": "-_dakaixiangmu-copy",
      "unicode": "100e9",
      "unicode_decimal": 65769
    },
    {
      "icon_id": "38341818",
      "name": "数据01",
      "font_class": "shujutongji1-copy",
      "unicode": "100df",
      "unicode_decimal": 65759
    },
    {
      "icon_id": "38341819",
      "name": "统计分析",
      "font_class": "a-tongjifenxi_nor-copy",
      "unicode": "100e0",
      "unicode_decimal": 65760
    },
    {
      "icon_id": "38341821",
      "name": "追踪回溯",
      "font_class": "jinduzhuizong-copy",
      "unicode": "100e1",
      "unicode_decimal": 65761
    },
    {
      "icon_id": "38341825",
      "name": "数据统计",
      "font_class": "yuanshujufenxi-copy",
      "unicode": "100e3",
      "unicode_decimal": 65763
    },
    {
      "icon_id": "38341826",
      "name": "统计分析02",
      "font_class": "tongji-copy-copy",
      "unicode": "100e4",
      "unicode_decimal": 65764
    },
    {
      "icon_id": "38341833",
      "name": "数据02",
      "font_class": "shuju1-copy",
      "unicode": "100e5",
      "unicode_decimal": 65765
    },
    {
      "icon_id": "38341834",
      "name": "资源统计",
      "font_class": "dashujufenxi-copy",
      "unicode": "100e6",
      "unicode_decimal": 65766
    },
    {
      "icon_id": "24379201",
      "name": "数据统计",
      "font_class": "shujutongji",
      "unicode": "e60b",
      "unicode_decimal": 58891
    },
    {
      "icon_id": "38341807",
      "name": "完备性检查",
      "font_class": "wenjuan-copy",
      "unicode": "ee3c",
      "unicode_decimal": 60988
    },
    {
      "icon_id": "38341808",
      "name": "关系完备性",
      "font_class": "guanxitu1-copy",
      "unicode": "ee3d",
      "unicode_decimal": 60989
    },
    {
      "icon_id": "38341811",
      "name": "检查icon",
      "font_class": "anquanjiancha_filled-copy",
      "unicode": "ee3e",
      "unicode_decimal": 60990
    },
    {
      "icon_id": "38341812",
      "name": "指标体系",
      "font_class": "System-Fill-copy",
      "unicode": "ee3f",
      "unicode_decimal": 60991
    },
    {
      "icon_id": "38341813",
      "name": "模型完备性检查",
      "font_class": "jianchajing-copy",
      "unicode": "ee40",
      "unicode_decimal": 60992
    },
    {
      "icon_id": "10169768",
      "name": "资源 3",
      "font_class": "ziyuan4",
      "unicode": "e874",
      "unicode_decimal": 59508
    },
    {
      "icon_id": "12103015",
      "name": "模型",
      "font_class": "moxing",
      "unicode": "e61e",
      "unicode_decimal": 58910
    },
    {
      "icon_id": "12812996",
      "name": "资源 3",
      "font_class": "ziyuan5",
      "unicode": "e60f",
      "unicode_decimal": 58895
    },
    {
      "icon_id": "38341785",
      "name": "能力资源",
      "font_class": "jinengrenzheng-copy",
      "unicode": "ee37",
      "unicode_decimal": 60983
    },
    {
      "icon_id": "38341788",
      "name": "兵力模型",
      "font_class": "military-copy",
      "unicode": "ee38",
      "unicode_decimal": 60984
    },
    {
      "icon_id": "38341790",
      "name": "测试资源",
      "font_class": "biz-test-copy",
      "unicode": "ee39",
      "unicode_decimal": 60985
    },
    {
      "icon_id": "38341792",
      "name": "装备模型",
      "font_class": "gongshijieguo-copy",
      "unicode": "ee3a",
      "unicode_decimal": 60986
    },
    {
      "icon_id": "38341793",
      "name": "文件列表",
      "font_class": "chushenghukoudengji-01-copy",
      "unicode": "ee3b",
      "unicode_decimal": 60987
    },
    {
      "icon_id": "6866628",
      "name": "用户管理",
      "font_class": "yonghuguanli",
      "unicode": "e605",
      "unicode_decimal": 58885
    },
    {
      "icon_id": "7214194",
      "name": "操作日志",
      "font_class": "caozuorizhi",
      "unicode": "e60a",
      "unicode_decimal": 58890
    },
    {
      "icon_id": "7435061",
      "name": "数据检索",
      "font_class": "shujujiansuo",
      "unicode": "e611",
      "unicode_decimal": 58897
    },
    {
      "icon_id": "8729890",
      "name": "角色管理",
      "font_class": "jiaoseguanli",
      "unicode": "e6ad",
      "unicode_decimal": 59053
    },
    {
      "icon_id": "16421533",
      "name": "上传",
      "font_class": "shangchuan2",
      "unicode": "e633",
      "unicode_decimal": 58931
    },
    {
      "icon_id": "17605443",
      "name": "图片",
      "font_class": "tupian",
      "unicode": "e811",
      "unicode_decimal": 59409
    },
    {
      "icon_id": "18592246",
      "name": "权限管理",
      "font_class": "quanxianguanli",
      "unicode": "e634",
      "unicode_decimal": 58932
    },
    {
      "icon_id": "38341759",
      "name": "软件配置",
      "font_class": "jichupeizhi-copy",
      "unicode": "ee35",
      "unicode_decimal": 60981
    },
    {
      "icon_id": "38341766",
      "name": "图片",
      "font_class": "tupian-copy",
      "unicode": "ee36",
      "unicode_decimal": 60982
    },
    {
      "icon_id": "24215779",
      "name": "人才库",
      "font_class": "zongheshiwu",
      "unicode": "e6d5",
      "unicode_decimal": 59093
    },
    {
      "icon_id": "24215798",
      "name": "网站",
      "font_class": "wangzhanguanli",
      "unicode": "e772",
      "unicode_decimal": 59250
    },
    {
      "icon_id": "24215821",
      "name": "模型分析 (2)",
      "font_class": "jiuyefenxi",
      "unicode": "e773",
      "unicode_decimal": 59251
    },
    {
      "icon_id": "24215823",
      "name": "更多",
      "font_class": "gengduo",
      "unicode": "e774",
      "unicode_decimal": 59252
    },
    {
      "icon_id": "24215829",
      "name": "统计查询",
      "font_class": "tongjifenxi",
      "unicode": "e775",
      "unicode_decimal": 59253
    },
    {
      "icon_id": "24215837",
      "name": "网站首页",
      "font_class": "shouye1",
      "unicode": "e776",
      "unicode_decimal": 59254
    },
    {
      "icon_id": "24215866",
      "name": "日历-选中",
      "font_class": "jiuyezhidao",
      "unicode": "e777",
      "unicode_decimal": 59255
    },
    {
      "icon_id": "24225987",
      "name": "工单信息",
      "font_class": "xinxiguanli",
      "unicode": "e779",
      "unicode_decimal": 59257
    },
    {
      "icon_id": "1135812",
      "name": "桌面部署",
      "font_class": "zhuomianbushu",
      "unicode": "e603",
      "unicode_decimal": 58883
    },
    {
      "icon_id": "1495475",
      "name": "地图-实",
      "font_class": "ditu-shi",
      "unicode": "e668",
      "unicode_decimal": 58984
    },
    {
      "icon_id": "4191225",
      "name": "目标@2x",
      "font_class": "mubiaox",
      "unicode": "e606",
      "unicode_decimal": 58886
    },
    {
      "icon_id": "5536223",
      "name": "算法模型",
      "font_class": "suanfamoxing",
      "unicode": "e62f",
      "unicode_decimal": 58927
    },
    {
      "icon_id": "18928391",
      "name": "目标",
      "font_class": "mubiao",
      "unicode": "e614",
      "unicode_decimal": 58900
    },
    {
      "icon_id": "22611478",
      "name": "指挥中心",
      "font_class": "zhihuizhongxin",
      "unicode": "e623",
      "unicode_decimal": 58915
    },
    {
      "icon_id": "23571887",
      "name": "模版",
      "font_class": "moban",
      "unicode": "e7b7",
      "unicode_decimal": 59319
    },
    {
      "icon_id": "27317609",
      "name": "ylab-yibeirui2",
      "font_class": "tubiaozhizuomoban-41",
      "unicode": "e60c",
      "unicode_decimal": 58892
    },
    {
      "icon_id": "6427795",
      "name": "统计分析",
      "font_class": "ziyuan1",
      "unicode": "e604",
      "unicode_decimal": 58884
    },
    {
      "icon_id": "6966137",
      "name": "资源",
      "font_class": "ziyuan11",
      "unicode": "e653",
      "unicode_decimal": 58963
    },
    {
      "icon_id": "7575062",
      "name": "24gf-network",
      "font_class": "24gf-network",
      "unicode": "e99d",
      "unicode_decimal": 59805
    },
    {
      "icon_id": "10169778",
      "name": "资源 16",
      "font_class": "ziyuan2",
      "unicode": "e879",
      "unicode_decimal": 59513
    },
    {
      "icon_id": "10169815",
      "name": "资源 50",
      "font_class": "ziyuan3",
      "unicode": "e885",
      "unicode_decimal": 59525
    },
    {
      "icon_id": "14349677",
      "name": "menu_资源管理",
      "font_class": "menu_ziyuanguanli",
      "unicode": "e74d",
      "unicode_decimal": 59213
    },
    {
      "icon_id": "17523853",
      "name": "1资源",
      "font_class": "1ziyuan",
      "unicode": "e61c",
      "unicode_decimal": 58908
    },
    {
      "icon_id": "18169975",
      "name": "信号塔,卫星信号",
      "font_class": "satellite-signal-full",
      "unicode": "e959",
      "unicode_decimal": 59737
    },
    {
      "icon_id": "27285294",
      "name": "资源管理",
      "font_class": "a-ziyuan500",
      "unicode": "e78c",
      "unicode_decimal": 59276
    },
    {
      "icon_id": "27285515",
      "name": "信号",
      "font_class": "a-ziyuan712",
      "unicode": "e79b",
      "unicode_decimal": 59291
    },
    {
      "icon_id": "31878440",
      "name": "项目管理",
      "font_class": "a-ziyuan3",
      "unicode": "e62c",
      "unicode_decimal": 58924
    },
    {
      "icon_id": "34208861",
      "name": "网络",
      "font_class": "wangluo",
      "unicode": "e630",
      "unicode_decimal": 58928
    },
    {
      "icon_id": "1374730",
      "name": "军人",
      "font_class": "junren",
      "unicode": "e609",
      "unicode_decimal": 58889
    },
    {
      "icon_id": "2268046",
      "name": "卫星",
      "font_class": "weixing",
      "unicode": "e607",
      "unicode_decimal": 58887
    },
    {
      "icon_id": "13939024",
      "name": "舷号",
      "font_class": "xianhao",
      "unicode": "e6e9",
      "unicode_decimal": 59113
    },
    {
      "icon_id": "18164846",
      "name": "合成作战,办公,合作,上课,观察",
      "font_class": "synthetic-combat-full",
      "unicode": "e86c",
      "unicode_decimal": 59500
    },
    {
      "icon_id": "18170566",
      "name": "战斗机,作战",
      "font_class": "warplane-full",
      "unicode": "e9d6",
      "unicode_decimal": 59862
    },
    {
      "icon_id": "19223960",
      "name": "港口物流",
      "font_class": "gangkouwuliu",
      "unicode": "e683",
      "unicode_decimal": 59011
    },
    {
      "icon_id": "19490706",
      "name": "cruiser",
      "font_class": "cruiser",
      "unicode": "e631",
      "unicode_decimal": 58929
    },
    {
      "icon_id": "22611501",
      "name": "航空飞机",
      "font_class": "hangkongfeiji",
      "unicode": "e626",
      "unicode_decimal": 58918
    },
    {
      "icon_id": "658012",
      "name": "飞机",
      "font_class": "feiji",
      "unicode": "e655",
      "unicode_decimal": 58965
    },
    {
      "icon_id": "688144",
      "name": "战斗 作战",
      "font_class": "zhandouzuozhan",
      "unicode": "e7b2",
      "unicode_decimal": 59314
    },
    {
      "icon_id": "5650962",
      "name": "指挥通信",
      "font_class": "zhihuitongxin",
      "unicode": "e64c",
      "unicode_decimal": 58956
    },
    {
      "icon_id": "12959368",
      "name": "指挥中心",
      "font_class": "zhihuizhongxin1",
      "unicode": "e635",
      "unicode_decimal": 58933
    },
    {
      "icon_id": "15938959",
      "name": "军队",
      "font_class": "jundui",
      "unicode": "e61a",
      "unicode_decimal": 58906
    },
    {
      "icon_id": "18169974",
      "name": "信号塔,卫星信号",
      "font_class": "satellite-signal",
      "unicode": "e95a",
      "unicode_decimal": 59738
    },
    {
      "icon_id": "19975872",
      "name": "运输",
      "font_class": "yunshu",
      "unicode": "e608",
      "unicode_decimal": 58888
    },
    {
      "icon_id": "34543374",
      "name": "商船",
      "font_class": "shangchuan",
      "unicode": "e63a",
      "unicode_decimal": 58938
    },
    {
      "icon_id": "35049622",
      "name": "攻击信息",
      "font_class": "gongjixinxi",
      "unicode": "e6ab",
      "unicode_decimal": 59051
    },
    {
      "icon_id": "201638",
      "name": "编辑",
      "font_class": "bianji",
      "unicode": "e601",
      "unicode_decimal": 58881
    },
    {
      "icon_id": "1425389",
      "name": "Select",
      "font_class": "pilianggouxuan",
      "unicode": "e602",
      "unicode_decimal": 58882
    },
    {
      "icon_id": "1727448",
      "name": "217时间-线性",
      "font_class": "shijian-xianxing",
      "unicode": "e8c4",
      "unicode_decimal": 59588
    },
    {
      "icon_id": "2418262",
      "name": "缩小",
      "font_class": "suoxiao",
      "unicode": "e672",
      "unicode_decimal": 58994
    },
    {
      "icon_id": "3868276",
      "name": "使用文档",
      "font_class": "shiyongwendang",
      "unicode": "eb66",
      "unicode_decimal": 60262
    },
    {
      "icon_id": "5961297",
      "name": "查询",
      "font_class": "chaxun",
      "unicode": "ec4c",
      "unicode_decimal": 60492
    },
    {
      "icon_id": "6176594",
      "name": "上传",
      "font_class": "shangchuan1",
      "unicode": "e632",
      "unicode_decimal": 58930
    },
    {
      "icon_id": "8358216",
      "name": "放大",
      "font_class": "fangda",
      "unicode": "e65d",
      "unicode_decimal": 58973
    },
    {
      "icon_id": "10451648",
      "name": "雷达图",
      "font_class": "leidatu",
      "unicode": "e622",
      "unicode_decimal": 58914
    },
    {
      "icon_id": "11227025",
      "name": "4-雷达图",
      "font_class": "-leidatu",
      "unicode": "e628",
      "unicode_decimal": 58920
    },
    {
      "icon_id": "12842714",
      "name": "w_雷达",
      "font_class": "w_leida",
      "unicode": "e66e",
      "unicode_decimal": 58990
    },
    {
      "icon_id": "14670834",
      "name": "公开 结果",
      "font_class": "gongkaijieguo",
      "unicode": "e60e",
      "unicode_decimal": 58894
    },
    {
      "icon_id": "19378058",
      "name": "上一个",
      "font_class": "shangyige",
      "unicode": "e61d",
      "unicode_decimal": 58909
    },
    {
      "icon_id": "24325459",
      "name": "采集",
      "font_class": "caiji",
      "unicode": "ee33",
      "unicode_decimal": 60979
    },
    {
      "icon_id": "25965311",
      "name": "时间",
      "font_class": "shijian",
      "unicode": "e66c",
      "unicode_decimal": 58988
    },
    {
      "icon_id": "28303443",
      "name": "指标管理",
      "font_class": "a-zu17654",
      "unicode": "e619",
      "unicode_decimal": 58905
    },
    {
      "icon_id": "421130",
      "name": "扩展属性",
      "font_class": "kuozhanshuxing",
      "unicode": "e6ac",
      "unicode_decimal": 59052
    },
    {
      "icon_id": "38263014",
      "name": "管理",
      "font_class": "a-ziyuan19-copy",
      "unicode": "ee34",
      "unicode_decimal": 60980
    },
    {
      "icon_id": "1118",
      "name": "文件",
      "font_class": "wenjian",
      "unicode": "e600",
      "unicode_decimal": 58880
    },
    {
      "icon_id": "1242159",
      "name": "使用手册",
      "font_class": "shiyongshouce",
      "unicode": "e656",
      "unicode_decimal": 58966
    },
    {
      "icon_id": "13744078",
      "name": "风险评估",
      "font_class": "fengxinpinggu",
      "unicode": "e62e",
      "unicode_decimal": 58926
    },
    {
      "icon_id": "15625603",
      "name": "搜索",
      "font_class": "sousuobeifen",
      "unicode": "e62b",
      "unicode_decimal": 58923
    },
    {
      "icon_id": "31878446",
      "name": "质量体系管理",
      "font_class": "a-ziyuan22",
      "unicode": "e62a",
      "unicode_decimal": 58922
    },
    {
      "icon_id": "37128411",
      "name": "表格",
      "font_class": "biaoge",
      "unicode": "e6aa",
      "unicode_decimal": 59050
    },
    {
      "icon_id": "37128425",
      "name": "系统",
      "font_class": "xitong",
      "unicode": "e69b",
      "unicode_decimal": 59035
    },
    {
      "icon_id": "37128424",
      "name": "资源",
      "font_class": "ziyuan",
      "unicode": "e69c",
      "unicode_decimal": 59036
    },
    {
      "icon_id": "37128423",
      "name": "服务视角",
      "font_class": "fuwushijiao",
      "unicode": "e69d",
      "unicode_decimal": 59037
    },
    {
      "icon_id": "37128421",
      "name": "检查",
      "font_class": "jiancha",
      "unicode": "e69e",
      "unicode_decimal": 59038
    },
    {
      "icon_id": "37128419",
      "name": "首页",
      "font_class": "shouye",
      "unicode": "e69f",
      "unicode_decimal": 59039
    },
    {
      "icon_id": "37128422",
      "name": "更换皮肤",
      "font_class": "genghuanpifu",
      "unicode": "e6a0",
      "unicode_decimal": 59040
    },
    {
      "icon_id": "37128415",
      "name": "全屏",
      "font_class": "quanping",
      "unicode": "e6a1",
      "unicode_decimal": 59041
    },
    {
      "icon_id": "37128416",
      "name": "项目",
      "font_class": "xiangmu",
      "unicode": "e6a2",
      "unicode_decimal": 59042
    },
    {
      "icon_id": "37128420",
      "name": "分析",
      "font_class": "fenxi",
      "unicode": "e6a3",
      "unicode_decimal": 59043
    },
    {
      "icon_id": "37128417",
      "name": "退出",
      "font_class": "tuichu",
      "unicode": "e6a4",
      "unicode_decimal": 59044
    },
    {
      "icon_id": "37128418",
      "name": "管理",
      "font_class": "guanli",
      "unicode": "e6a5",
      "unicode_decimal": 59045
    },
    {
      "icon_id": "37128410",
      "name": "能力",
      "font_class": "nengli",
      "unicode": "e6a6",
      "unicode_decimal": 59046
    },
    {
      "icon_id": "37128413",
      "name": "数据",
      "font_class": "shuju",
      "unicode": "e6a7",
      "unicode_decimal": 59047
    },
    {
      "icon_id": "37128414",
      "name": "标准",
      "font_class": "biaozhun",
      "unicode": "e6a8",
      "unicode_decimal": 59048
    },
    {
      "icon_id": "37128412",
      "name": "绘图",
      "font_class": "huitu",
      "unicode": "e6a9",
      "unicode_decimal": 59049
    },
    {
      "icon_id": "37128409",
      "name": "删除",
      "font_class": "shanchu",
      "unicode": "e68a",
      "unicode_decimal": 59018
    },
    {
      "icon_id": "37128408",
      "name": "粘贴",
      "font_class": "niantie",
      "unicode": "e68b",
      "unicode_decimal": 59019
    },
    {
      "icon_id": "37128406",
      "name": "建模",
      "font_class": "jianmo",
      "unicode": "e68c",
      "unicode_decimal": 59020
    },
    {
      "icon_id": "37128404",
      "name": "剪切",
      "font_class": "jianqie",
      "unicode": "e68d",
      "unicode_decimal": 59021
    },
    {
      "icon_id": "37128405",
      "name": "移动节点",
      "font_class": "yidongjiedian",
      "unicode": "e68e",
      "unicode_decimal": 59022
    },
    {
      "icon_id": "37128407",
      "name": "添加节点",
      "font_class": "tianjiajiedian",
      "unicode": "e68f",
      "unicode_decimal": 59023
    },
    {
      "icon_id": "37128403",
      "name": "复制",
      "font_class": "fuzhi",
      "unicode": "e690",
      "unicode_decimal": 59024
    },
    {
      "icon_id": "37128396",
      "name": "筛选",
      "font_class": "shaixuan",
      "unicode": "e691",
      "unicode_decimal": 59025
    },
    {
      "icon_id": "37128401",
      "name": "撤销",
      "font_class": "chexiao",
      "unicode": "e692",
      "unicode_decimal": 59026
    },
    {
      "icon_id": "37128400",
      "name": "清空",
      "font_class": "qingkong",
      "unicode": "e693",
      "unicode_decimal": 59027
    },
    {
      "icon_id": "37128394",
      "name": "搜索",
      "font_class": "sousuo",
      "unicode": "e694",
      "unicode_decimal": 59028
    },
    {
      "icon_id": "37128395",
      "name": "上移",
      "font_class": "shangyi",
      "unicode": "e695",
      "unicode_decimal": 59029
    },
    {
      "icon_id": "37128402",
      "name": "保存",
      "font_class": "baocun",
      "unicode": "e696",
      "unicode_decimal": 59030
    },
    {
      "icon_id": "37128399",
      "name": "格式刷",
      "font_class": "geshishua",
      "unicode": "e697",
      "unicode_decimal": 59031
    },
    {
      "icon_id": "37128398",
      "name": "下移",
      "font_class": "xiayi",
      "unicode": "e698",
      "unicode_decimal": 59032
    },
    {
      "icon_id": "37128397",
      "name": "重做",
      "font_class": "zhongzuo",
      "unicode": "e699",
      "unicode_decimal": 59033
    },
    {
      "icon_id": "37128393",
      "name": "添加",
      "font_class": "tianjia",
      "unicode": "e69a",
      "unicode_decimal": 59034
    },
    {
      "icon_id": "37128390",
      "name": "刷新",
      "font_class": "shuaxin",
      "unicode": "e686",
      "unicode_decimal": 59014
    },
    {
      "icon_id": "37128391",
      "name": "导入",
      "font_class": "daoru",
      "unicode": "e687",
      "unicode_decimal": 59015
    },
    {
      "icon_id": "37128389",
      "name": "导出",
      "font_class": "daochu",
      "unicode": "e688",
      "unicode_decimal": 59016
    },
    {
      "icon_id": "37128388",
      "name": "选择",
      "font_class": "xuanze",
      "unicode": "e689",
      "unicode_decimal": 59017
    }
  ]
}
